Source lat,source lon,destn lat,destn lon,payload,id,money
59.3851719,17.9172006,14.43201,46.15435,3990,1,45594
41.0423985,21.3607894,-7.0226053,108.3845817,5997,2,56562
30.2873739,120.1527409,55.7133263,37.8049211,1184,3,23787
5.3347,103.1358,57.3690549,22.591118,3865,4,23046
48.167927,115.873421,1.9530448,32.1391217,2063,5,25029
-0.7069135,31.5370003,43.0429124,1.9038837,6703,6,44548
46.1167,3.4167,36.6777372,-121.6555013,7603,7,20823
46.9758047,128.0462031,40.32306,128.65528,5978,8,73245
41.2926473,110.3216026,40.0397682,-75.145782,7215,9,28840
-32.7208452,-60.7283624,26.686335,107.520386,7000,10,35359
35.3350072,129.0371689,15.0983576,-90.3903337,4617,11,20391
52.6269375,16.4463703,31.306915,111.012335,6749,12,23928
13.9327517,121.6158104,37.1766607,42.1355904,3036,13,33804
-0.4836064,117.1544163,54.11285,33.29648,5210,14,76940
14.8548457,105.0791228,-7.1546275,108.7660364,8380,15,26883
59.3614352,17.8720638,32.715164,-16.765857,2082,16,42817
30.798325,107.96879,55.16667,-118.80271,3658,17,24375
18.1224925,-94.4632404,58.3493356,13.8300629,6040,18,40998
32.328224,35.292369,19.5473972,-96.9121929,5038,19,39610
49.8687831,16.9274876,9.4669337,-5.6142558,9883,20,49665
-3.0029841,115.9467997,39.105787,111.862117,2300,21,44805
8.748114,124.802831,29.8660859,121.5935283,7341,22,55034
-12.8528438,-38.3271112,43.6522553,45.3106104,9818,23,31340
-20.2555875,-42.030947,14.5180441,121.0350642,6173,24,61210
28.164972,109.379021,16.7136708,103.3125299,8722,25,58347
24.8500604,90.6387949,-7.2035144,106.5241371,8031,26,31465
50.1823264,19.2871769,56.6182449,25.725792,2022,27,72438
11.0871586,123.9861013,14.4409724,120.9950071,3008,28,41583
-7.3090831,108.8511448,43.65595,105.75577,4379,29,78321
7.2863231,81.6779369,39.3041754,-9.1967347,6296,30,79061
39.0041504,-77.0391754,-28.2252,28.30652,8740,31,29458
8.9908333,150.1227778,23.1186718,113.3848198,6385,32,56042
46.9755236,30.469358,-7.7607338,112.1698476,7027,33,35887
32.629398,110.798266,3.64333,97.46279,5285,34,17995
7.1760285,125.4423957,41.3298054,44.2073125,6102,35,14392
-10.5224941,-36.6525696,-24.7023134,-48.0076188,5090,36,59858
22.568415,113.890482,-3.2325539,119.9484864,9211,37,37730
48.2441219,28.2765218,23.084122,114.382541,7469,38,77210
12.0718334,1.7879685,37.7157269,-25.4345063,9667,39,50643
50.4703083,17.3392829,29.341703,110.085494,9100,40,54982
55.6942718,74.3214928,17.292049,96.5756695,1713,41,68288
-8.6182236,115.2276614,38.1162631,140.8585745,7585,42,18586
22.863502,114.333767,18.2855395,99.5127895,9803,43,38346
28.721763,108.389861,29.60548,111.877499,5520,44,44258
50.2748915,3.9727365,48.816388,44.4777899,7652,45,27040
-6.2842662,106.0904721,23.14355,53.7881,1142,46,39276
0.1698986,30.078078,26.230385,109.136724,3963,47,75097
9.7209866,123.8784551,-4.2450638,-42.2925342,7775,48,77233
41.923103,124.960413,6.1097207,102.2462087,8255,49,76622
16.7733926,101.2451095,14.1652083,-16.0757749,6001,50,52480
34.8643622,138.315371,-16.5030766,-68.1346594,6056,51,36669
-7.196982,106.5112712,43.7624891,27.2163113,8100,52,24770
54.6192996,39.8560057,-28.9481925,-51.0749483,5689,53,33619
46.0675028,44.4160763,-23.3879703,-49.5076392,8915,54,33722
-19.8446577,-43.9551381,-7.8225778,110.3843618,3214,55,17976
12.4680818,102.100396,30.20003,115.038835,1838,56,40064
57.7166133,11.9015778,13.5218669,120.9617948,2786,57,48181
-8.729881,122.0212337,41.149869,114.722326,9450,58,66313
-16.0222492,-49.8004866,17.2356186,120.4796351,5186,59,71135
-6.4930095,106.3875898,58.5118215,13.4761783,2113,60,37143
57.2790167,35.2242376,-14.116667,-73.616667,5245,61,38585
35.1148773,33.1435877,31.375869,121.265374,9780,62,57043
44.8184554,20.4643411,34.668335,136.3670325,8859,63,75972
-7.4703872,110.9387418,-22.8841363,-48.4412549,6696,64,33963
50.9872632,20.6630795,6.4387946,100.1947477,6838,65,28287
32.460037,112.228897,51.36499,17.46841,4494,66,69803
59.9451756,10.6392492,30.798325,107.96879,7415,67,52044
-21.609128,166.2143471,18.400092,109.752583,5214,68,30492
27.3115158,30.9713333,36.7844993,126.4503169,1554,69,15864
51.3235143,21.890312,20.023731,110.580002,1066,70,66024
49.3431786,16.2159455,51.9784524,14.7217993,1316,71,31377
27.018693,104.372949,43.8139627,1.9593782,7321,72,26572
13.3042145,-86.1828047,9.1860402,35.8334494,2117,73,50056
45.85029,3.53936,-37.7236851,144.9633285,4800,74,74523
13.9293954,121.3228399,-8.5853481,-35.3871125,4351,75,18153
-28.6038255,32.086585,-32.966145,-60.657848,3712,76,44915
14.4332941,121.0303692,-37.0343377,174.9217575,3104,77,79811
38.174362,114.908822,32.955581,118.510616,6231,78,65087
-6.3385652,106.9447146,14.2226543,121.4213333,3285,79,58440
-7.4435,107.2553,8.972681,125.408732,5228,80,66534
-8.9965182,125.5083136,9.9518,123.9622,7461,81,24328
40.798124,120.5550729,41.0184587,23.5206341,4528,82,22953
33.892817,105.373163,55.9100899,37.4008401,4756,83,11412
16.1329692,119.8370843,30.975286,105.190522,2314,84,12809
-41.4332215,147.1440875,52.8769629,17.950135,9105,85,77578
41.1060534,-7.9642047,49.9513027,20.3412605,6138,86,77110
11.7907511,102.8773712,49.0648694,13.6889288,6588,87,25034
52.1058991,-9.7850991,25.941937,117.365052,9271,88,32226
53.0641593,38.0521393,14.5699334,121.0204582,3978,89,64707
28.952878,106.837744,47.23123,98.5714,7402,90,69890
49.8853772,18.0624625,23.1271241,-82.3261977,5286,91,71776
43.1135996,-79.2169174,33.456443,36.2359629,9061,92,39366
19.3579802,-99.0806088,-23.6228759,-46.7816647,3559,93,26756
51.5024848,16.0620494,-34.6182974,-58.5303202,4646,94,72509
-19.9952622,23.4180769,30.550638,63.78141,3094,95,53100
60.6739776,17.1574569,29.985295,122.207215,9271,96,30111
14.9659262,108.6888227,-8.1145,115.1021,7303,97,11132
35.0880511,-106.6873356,49.9354529,18.9773045,1740,98,71674
40.179599,112.891988,53.169971,-6.9140788,4831,99,44965
31.1446955,118.575306,32.283121,35.385789,2314,100,18573
55.7387411,37.2504677,59.9344779,30.3842343,9406,101,67865
28.9734441,34.6534332,49.793263,18.9515077,5801,102,26032
32.7150419,-117.1724288,32.25124,35.26716,7999,103,42848
-14.8842942,-70.5889612,49.5242389,17.3082766,4401,104,62477
39.1314511,-9.0148912,48.9330384,2.0412764,8651,105,18560
24.848984,116.604574,23.157289,113.273288,3475,106,48550
51.6705464,16.980572,-25.9718022,-55.1900227,4151,107,47420
49.9365011,18.2190463,18.178456,105.7028457,4961,108,19499
57.6983773,11.982711,56.7870687,13.8913772,4408,109,59931
29.915093,118.279198,59.4050955,17.9551008,5887,110,53612
34.937516,-4.7788675,5.4724418,95.624767,6525,111,65403
58.3353986,12.3257105,53.4917756,29.3327582,6287,112,60410
14.1967923,121.4019727,50.1046609,17.1303468,4000,113,54489
-11.806679,-77.1657716,43.7356628,17.8317085,9110,114,20229
51.90218,19.6055101,44.9259216,19.5010071,9199,115,66994
49.8905368,2.3081396,26.571674,117.669428,8643,116,16772
22.170437,111.791539,-7.3937214,111.4129003,4135,117,59428
41.2789558,-7.2217804,16.7587537,96.2482149,6649,118,79089
-7.4111241,111.1182544,35.553144,116.783833,6280,119,33383
27.198639,54.3666012,44.3264928,38.7015857,2090,120,64714
43.4433559,16.6929175,-4.50345,37.9122236,2378,121,69308
46.409427,125.4464411,42.57495,123.16525,7348,122,40169
38.942367,117.059325,-9.718793,-65.395393,7815,123,14530
39.227382,117.036824,13.7362437,124.1066725,7156,124,53153
40.8151906,111.6954214,6.0244601,116.1442241,2873,125,50525
39.5779145,48.9718588,55.4857103,60.8751953,8359,126,60178
41.5826404,-6.2652906,25.904305,112.203287,5745,127,77674
-7.0776163,-41.4673741,41.529235,-8.5859581,4285,128,16194
55.7570915,37.6047016,-7.690753,109.2861268,4163,129,65276
-23.960745,-46.3961359,64.8157528,25.433892,1922,130,19444
50.05998,21.8324138,42.930418,1.7243511,4184,131,55860
-8.1094987,115.1618941,5.7799851,101.0372376,8037,132,34171
40.9331541,72.9814877,-13.5,48.86667,7181,133,79193
33.7150937,130.9966131,57.2528644,16.4754832,5304,134,32415
0.4167052,109.0334318,57.1355803,103.9325393,1652,135,45175
39.4582827,-31.1338071,7.9819727,-81.166481,5538,136,30500
24.4623104,118.0801092,43,-87.97,2745,137,50204
20.928394,110.627776,20.1788256,106.0728356,6653,138,46921
50.5271016,15.4815563,-8.5056516,117.5319733,1213,139,68549
-20.4670046,-55.7872944,37.8967329,22.9286014,6869,140,50787
63.2945202,18.6699799,50.7036309,18.995304,1487,141,36254
-7.57656,-40.4976324,32.6521604,130.675613,6883,142,45222
59.24607,17.8231225,-6.7155252,146.999905,5150,143,15653
50.4465359,19.894509,-7.2541395,112.7703313,3031,144,33257
14.0786882,101.0259275,29.654838,91.140552,3573,145,61016
39.042852,117.318781,30.715704,104.02753,7256,146,46154
-0.2182982,33.5728027,4.6096768,101.1064003,6101,147,51133
39.3458414,-9.1695689,44.692194,85.70601,6108,148,51109
45.6001616,17.8741663,39.909969,116.459299,3378,149,16856
9.939624,126.065213,41.0417485,21.2277415,7122,150,56220
63.7453456,25.3525414,4.920956,-75.063129,4274,151,20330
25.280547,113.063143,45.4693392,-73.4848038,9738,152,26038
-25.1057553,30.4566069,0.8231171,112.5662284,4983,153,26450
49.7529483,13.0041032,49.0285391,2.3236877,2422,154,65683
45.26678,-73.61588,41.2,-111.98,1984,155,37398
-8.9542,121.032,46.7152613,-1.4517985,7235,156,31430
46.424008,123.674166,-9.9484703,119.9624902,8958,157,30306
-9.755588,-36.6639577,42.0993861,27.9407145,9377,158,57677
47.011607,90.451789,-17.6929945,-42.5172107,5566,159,67953
36.5072263,8.7756556,52.0625106,4.4911369,3810,160,52213
59.4527156,18.091186,32.27639,35.59938,7551,161,12464
56.7391033,38.8533938,40.88472,20.09944,7454,162,23270
7.3601663,9.0377612,59.3390242,17.9828338,8534,163,50131
14.5694528,121.0168115,55.7279446,93.768409,5705,164,60124
15.0312765,-88.6458421,37.4547684,140.5368503,4100,165,43668
49.7967977,30.1310853,-7.4983615,108.5870607,1245,166,58444
28.127664,110.90203,49.9166765,36.1763412,9743,167,62327
34.996741,118.284786,37.7451046,-25.5720746,1248,168,72357
-6.3077304,106.1831224,-30.5148445,-53.4832383,8415,169,63528
46.6693059,5.5466073,-7.4461263,109.2207098,4963,170,78964
8.5569109,-79.8716837,39.9929963,116.4690641,5563,171,49812
29.222417,89.982425,53.4698755,35.0963837,9931,172,58467
44.0127932,20.9114225,9.0578504,-72.233418,7305,173,60336
38.86,-76.99,50.2671255,12.8970938,6820,174,14186
-20.8740173,-48.299098,19.4052965,-99.1504583,6833,175,74861
-9.9104,120.4871,49.5458457,19.0802389,8829,176,34965
29.042269,121.626963,-7.9675395,112.7032945,9487,177,23993
5.5067818,102.9746601,34.9363523,-2.7431421,6924,178,56407
19.3947363,-70.5263459,51.0768632,22.2730418,8754,179,48428
-8.2219,113.0597,5.0378453,21.2099808,2768,180,75981
-23.3516191,43.6854936,25.525292,108.260701,8474,181,40154
49.2958555,4.3603508,17.7524749,120.466907,4464,182,57515
32.261548,35.13028,50.555034,20.040976,2594,183,76619
14.5672162,121.0042974,63.8223321,20.2753893,5971,184,44574
28.9141178,120.0531443,-8.2593984,112.0714835,8530,185,62427
5.5333804,95.24233,31.8024122,12.3005803,8249,186,53882
48.4691324,37.0871224,11.4145346,124.8469591,3719,187,28923
52.1567272,17.1602866,-7.6589782,110.5394227,7085,188,33919
-26.6119534,-49.0075714,57.9679793,31.6515246,8867,189,58232
42.6484886,27.683386,0.968911,-77.521175,9847,190,79833
36.097577,114.392392,51.1644956,18.2903712,5927,191,31000
37.366903,114.926383,9.0912455,-79.409706,5203,192,44984
25.671402,104.260115,-6.1874721,106.8274787,4021,193,10610
12.7166672,121.3666687,34.99015,70.91302,7141,194,29462
-6.6355378,106.8490872,38.5537924,-9.0817894,1904,195,64978
-11.4890016,-76.6622072,28.3109983,55.902453,9693,196,22741
61.8628073,29.2775676,28.4256618,48.4887224,1391,197,24078
43.4945737,5.8978018,48.830394,2.2372823,8326,198,12820
23.6347,102.826557,29.083994,87.648747,5096,199,26727
16.0655913,120.5877148,30.849368,85.240127,3416,200,77951
49.51688,-96.50029,10.3793903,106.4541903,1625,201,57920
5.8320421,-74.5833539,10.31128,123.951757,8487,202,34635
-23.8139412,-47.4098328,35.709077,107.643631,5621,203,79964
-8.0972402,114.4120114,-22.7437126,-47.3339535,1428,204,25265
29.086221,119.571633,-27.0960682,-48.6178074,4756,205,52701
14.7324844,100.2824483,42.3784509,-83.3032607,9099,206,31245
14.5665378,121.1092186,25.9210961,51.3385684,4371,207,68513
50.5658445,14.6542767,50.0897141,8.271907,9080,208,24699
8.519857,123.533832,5.799059,-75.907993,9899,209,45070
38.7336567,-9.268126,25.66788,110.547966,8705,210,45337
9.4779595,-82.5943072,-21.8930428,-45.5939292,3176,211,72023
-18.1929582,31.5427093,24.7434484,90.3983829,3424,212,24471
32.018685,120.835617,38.88829,22.4641,9082,213,24388
-9.7138,120.0297,48.7724625,2.2161608,9438,214,62115
52.3793432,-114.9182883,10.7534694,4.7808095,2148,215,17525
3.2572094,-77.2864879,50.7022235,3.1685214,2068,216,56007
27.5331693,68.7254605,26.2650742,50.6223267,3871,217,58990
34.5414989,133.5894821,13.1529217,10.6351404,6355,218,52681
55.96667,25.15,16.2463509,120.9986275,6693,219,71262
20.1788256,106.0728356,44.4248175,8.9266041,5161,220,14426
34.6850948,138.1992472,27.353091,118.015602,6221,221,38549
32.881263,99.586963,41.664757,123.344062,9762,222,11524
27.347756,118.449526,18.4762228,-77.8938895,6897,223,10314
38.35,-81.63,-3.983424,119.8612703,2861,224,14787
13.7172042,-89.7473837,-7.072846,112.906475,7261,225,76884
43.3911349,42.9174509,14.6074523,121.1136216,5202,226,20555
44.3244029,-79.7007211,49.1013182,16.7048398,9873,227,56432
52.0103249,19.8082463,17.7409147,-91.7660525,3314,228,21022
5.8833366,118.0357162,28.791192,111.59717,2168,229,75166
-5.9946384,107.1326703,12.0687,-85.0908671,6899,230,69325
35.12751,36.21444,43.9072222,87.4741667,5785,231,69903
-6.1179866,106.5760857,24.9350844,121.7107613,4812,232,31142
31.77078,35.26916,59.3770112,17.9485065,6505,233,78467
65.723731,-17.354349,32.7074464,108.9391253,2528,234,79410
51.03701,36.7302535,31.93592,35.005,4421,235,71398
47.6668709,38.076284,5.1018417,6.8190224,7757,236,45222
-38.7589114,-62.2749967,31.7244854,118.1084793,9770,237,55921
15.9658063,120.4098162,-31.399061,-64.2385396,6711,238,64660
13.0996105,12.5113296,-7.5754887,110.8243272,6771,239,65231
10.4009358,106.22868,47.9318074,5.2893597,1421,240,15171
-24.7057037,33.8801952,8.59207,-70.225082,5425,241,40304
32.667571,119.004816,-6.9244162,112.4142453,5998,242,69082
53.49417,-8.83565,-11.72447,-75.773888,2115,243,21130
43.4945737,5.8978018,-27.582369,-60.713149,4521,244,10704
16.75245,100.2625222,-7.6145292,110.7122465,6547,245,51702
-7.3195036,-76.7769324,51.777114,16.818952,1945,246,39774
56.7952392,105.8855714,50.3575196,21.5421579,4502,247,67832
40.7886028,-81.4251512,-6.9002853,112.0863874,7531,248,30559
55.5305674,41.1014277,37.8909637,139.3167305,8940,249,61233
45.106849,-0.6297654,22.5364306,-80.9055645,1094,250,78245
15.0929667,120.6560529,-7.1743383,108.5403799,8654,251,43810
25.9868744,-80.2153998,29.4143476,-98.3910127,1017,252,55848
24.808198,118.03177,51.5902809,19.6814345,1041,253,43970
-21.8022635,-48.184644,-7.832843,110.2474787,5308,254,66272
22.3699122,114.1144306,25.386379,114.922922,7520,255,19319
56.674534,22.0049709,48.69682,2.567685,4520,256,34864
-27.36667,26.63056,5.3404492,37.4387894,8040,257,24734
29.528923,104.990101,22.0832638,102.5757028,1337,258,38077
45.51596,83.867628,13.401306,101.3658004,8662,259,43497
15.3657777,-90.4792939,-7.459928,110.2727569,7210,260,36632
-13.88991,-70.647842,10.5894439,-67.0494378,4680,261,13971
34.0181246,-5.0078451,39.246621,107.666176,9248,262,62659
29.306756,120.07514,-7.0130494,108.525539,8582,263,48441
48.7736083,44.8250459,31.8742348,10.9750484,2844,264,60807
44.840524,82.353656,13.6855601,100.444639,8164,265,74850
-7.55,111.283333,31.3085444,30.8039474,8227,266,37401
31.8127435,-9.3381766,-8.5403989,115.2027279,2068,267,13759
27.718295,119.394148,27.3423771,53.1803558,7047,268,69688
-12.0442537,-75.2535192,9.7998986,80.1489188,4719,269,22184
51.6773339,5.0633742,50.133176,19.9262381,8305,270,25646
-23.2218772,-44.7235076,-6.892162,109.6646748,5269,271,66796
-7.0777326,113.287085,-8.6489,120.7616,6911,272,50915
34.746611,113.625328,39.6756105,-8.9783717,7838,273,50782
40.5045999,-7.9318645,53.14214,17.60181,7219,274,56606
41.5675577,-4.883185,49.18306,-119.5524,4338,275,35483
20.543509,-97.4252917,9.9477873,-84.0592667,6657,276,21489
57.7045166,11.9303953,22.251924,112.794065,4160,277,77085
49.6619465,-112.8149467,53.9956452,17.4069308,6542,278,45203
51.9034509,16.955476,49.0419017,28.4169896,3539,279,69097
52.0997957,39.7742561,49.60559,-97.04234,5056,280,47318
-5.725856,39.2985684,40.1632626,44.2935926,1128,281,30717
49.8917522,19.0205284,40.637939,69.59436,2051,282,17672
48.6354729,38.6373937,4.9224556,13.2923232,9890,283,43914
53.2238,78.9337,34.472679,107.36884,1805,284,79052
33.308897,87.768212,-27.97499,30.69633,5802,285,69193
47.1634031,33.9366442,47.3892142,0.6942885,5998,286,54033
55.439054,37.7662154,45.2060835,20.6264373,7885,287,26797
30.679359,104.011664,49.8635922,18.0933139,6999,288,21798
43.1912783,21.8238023,-8.1578871,112.2771485,3272,289,25939
41.07,-85.14,23.3119567,120.3089541,7223,290,42094
37.2083179,9.9576849,28.043337,117.043407,6598,291,20473
51.9255718,21.5909124,32.3206,35.20329,5451,292,50659
53.7080404,87.8049523,39.9459413,116.3817634,2690,293,66148
-33.3106292,26.5255946,51.3798501,20.2757746,3168,294,33927
28.179427,121.216559,-20.6639305,-43.7850227,2978,295,60976
56.0247998,14.162184,-27.4697707,153.0251235,8300,296,55323
10.1769828,38.1239492,38.7652981,-8.6267126,6534,297,43087
9.9847566,10.9510315,50.255556,136.640833,2337,298,53405
-2.4706347,29.5774616,21.857958,111.982232,4184,299,26146
31.143837,111.682931,35.208594,25.3382657,8343,300,76634
59.280324,24.8456895,59.330921,17.9273459,4516,301,30892
43.5571062,19.0735581,35.3,25,9291,302,54277
51.8910459,-8.4242597,14.6387213,121.0505978,1733,303,43342
54.4398875,16.3827955,55.3605576,52.0111855,8717,304,66452
-9.5324,119.669,-23.749953,-46.39769,8966,305,65195
-6.2810348,106.8280147,52.4379891,20.6119813,9620,306,69604
39.944315,116.809657,2.0560112,-77.5160788,3635,307,35247
-38.25,-72.6833,14.6746056,102.5365942,7445,308,53041
0.7697665,103.4049445,29.344616,102.652483,4108,309,74608
35.3237104,33.3149413,8.1180013,123.9864049,9709,310,69993
57.7193237,11.9120278,38.627867,114.506303,8666,311,68442
-7.3170603,109.2891005,-6.6355378,106.8490872,9415,312,66903
49.145018,1.0859715,-8.8025,117.7774,3418,313,24147
-6.4544294,106.8502879,54.3113742,59.4823216,6015,314,31597
53.2650844,22.9045174,54.3202047,19.5273042,9752,315,48353
51.700259,30.6625433,7.8394835,126.0502748,6401,316,33137
-6.7657,111.6511,18.594395,-72.3074326,4249,317,75316
10.4704517,-66.7992646,-6.7618,111.046,2590,318,45061
-19.5097867,-41.0165586,38.371402,117.329949,2404,319,69017
-8.1141,111.7762,31.095979,105.094586,1059,320,10852
40.3829273,-8.7241528,26.641315,100.222545,4277,321,41314
24.2086649,23.3347215,36.3326174,43.1076819,3680,322,17769
28.73733,118.626991,51.752684,36.1522509,3323,323,73345
49.1013182,16.7048398,52.3048562,15.4108777,7548,324,13366
51.1434519,40.2997102,43.1927985,44.8994082,5445,325,46855
44.4959884,19.2677519,-35.1164987,-71.2829759,3892,326,46637
51.1448845,20.1864915,51.57429,17.67392,7866,327,47868
51.310421,20.7626339,-30.7190522,-57.3298733,7416,328,21555
29.808374,120.118331,-10.459783,-40.1868956,4862,329,69550
50.367353,127.3305,30.7765271,121.247793,8416,330,45876
18.8539206,-71.3009387,44.3204868,40.6203439,3185,331,59772
14.22528,-90.64333,-25.4562038,31.9925717,3607,332,62788
49.65841,21.97678,55.8697739,48.5236711,3359,333,21196
56.6444907,14.224297,29.919421,121.085794,5463,334,67102
-7.033304,113.5609459,-8.6433591,116.4960979,7520,335,11288
53.3857827,14.4620917,9.8318931,123.4675853,9221,336,46498
49.6246813,19.1833654,41.8038684,140.7289269,3225,337,12821
57.131667,60.146389,44.5943255,0.057855,3021,338,73415
-6.2167736,106.5230542,21.270702,110.359368,7264,339,63761
32.644699,117.743378,26.600973,104.8265942,3249,340,30523
48.7790663,38.564841,42.0223424,43.1936525,7368,341,48366
1.5376351,110.321945,-10.249091,-48.3242858,6151,342,71702
16.5361315,101.6612934,35.3985584,136.8331549,4088,343,76916
42.1874125,20.0003019,-8.68421,115.16022,9038,344,37831
48.9809916,117.3883737,20.0910963,-98.7623874,9828,345,72846
16.5636498,-24.354942,38.7121599,-9.4356652,2498,346,39012
-30.6866136,26.7063745,31.9069842,73.2723283,9895,347,45262
55.9651943,14.2805021,45.4381658,4.3868779,3253,348,44409
-5.1443118,-38.0850339,35.0150933,33.7405967,5856,349,19460
32.388854,109.361864,46.3367995,16.6150167,8736,350,10464
39.2122525,-8.2869478,50.9485739,20.2508581,5410,351,64681
34.0055653,133.5697428,53.95494,16.5876701,6111,352,30140
41.837693,123.981229,16.701895,42.120984,4674,353,63655
58.5594907,15.282715,13.5709049,123.3833727,9993,354,44816
25.362088,118.691608,2.1883402,-76.2131474,2386,355,18307
-12.5477492,-40.2271243,32.929538,35.271917,2052,356,79500
13.8494172,99.408315,45.5119921,19.8423848,7333,357,40173
39.0799649,26.5785197,22.3179093,-79.6558242,7990,358,74337
26.766584,119.548497,-6.7189946,111.0479956,7892,359,12000
-6.9789789,111.3888358,50.6026456,17.0703956,7016,360,58142
36.9473226,108.7379191,14.6701,121.108226,9118,361,60673
14.113818,-89.917591,23.692546,116.655206,8921,362,25262
48.1735351,-89.4810715,44.9844262,15.8238674,3528,363,59705
23.736457,107.998149,34.915946,98.209206,2693,364,27512
31.03094,103.183075,33.551052,119.113185,9618,365,58484
16.5303424,-90.1894032,23.636404,111.658698,2721,366,51563
-6.669221,106.0463837,6.1639689,125.1144397,5501,367,43916
29.956858,107.209965,59.0572129,12.6642819,2782,368,30167
46.3789875,14.0683139,-17.4086322,32.2256803,1518,369,24076
24.076563,89.61457,23.2462521,113.0030017,1507,370,21850
14.5346437,121.0133007,19.2843786,-99.1894389,9774,371,58698
38.6732759,-9.2330331,50.3815209,24.0089352,9293,372,41940
31.364902,108.249509,48.63333,106.73333,8090,373,20356
10.3895862,-71.4692843,-6.8723784,107.5815795,5166,374,37111
48.526727,40.316753,-7.1516288,108.8373244,8105,375,42712
38.05106,114.463347,-7.6295345,108.1665855,2216,376,44742
20.55832,106.56882,32.051599,121.420114,7878,377,50662
31.074834,109.879153,42.951526,124.302017,9673,378,64732
29.795049,93.850039,-34.7611766,-56.3628409,1234,379,31913
38.8393743,-9.4606374,10.0835154,-83.342893,6886,380,50963
19.4771559,-70.6636064,-7.2953035,107.0716609,9173,381,75799
-6.8380439,111.4901903,40.9632212,24.8064244,8663,382,21515
58.848193,5.66466,53.2544872,14.4927021,7855,383,14628
19.0779991,-71.8423092,29.654838,91.140552,8404,384,51558
14.6701,121.108226,31.317494,119.276426,5189,385,16777
-6.4871369,106.8007712,10.0698222,124.5514906,3683,386,47633
0.0265717,18.2970692,30.677233,121.015142,5292,387,25021
54.3093365,19.0532045,26.2198633,50.5329678,6964,388,21930
38.1535213,22.3143775,13.3042145,-86.1828047,4413,389,11294
15.7832452,121.0086436,33.9972134,72.1486548,7422,390,79443
43.298735,5.3825978,50.4466097,18.1077046,7430,391,52585
50.6398985,15.8196702,31.878735,117.26467,4158,392,72525
54.0521127,-1.9847194,34.34866,106.009915,2099,393,23330
31.9633663,49.2892129,57.762202,12.056698,9097,394,74914
13.8565034,109.1642208,20.4343787,106.2757514,1592,395,46642
-25.3823822,-57.5872528,-8.6595,120.7129,2916,396,28245
32.328224,35.292369,-34.683901,-55.709609,6058,397,61555
50.2709275,12.7842341,59.9531666,10.7559072,2134,398,74800
41.5622714,26.5126402,-29.5482451,30.4048541,4513,399,10643
14.570924,121.0276584,-14.16568,-72.658867,9150,400,34821
-12.8549255,15.5620927,41.2185635,-8.3027037,9933,401,28253
34.06183,66.27801,55.662882,37.5826719,9589,402,10821
31.5547633,-84.06035,-18.841761,47.703579,4610,403,76022
45.697904,0.964671,19.3673204,-70.7578553,3939,404,45454
39.0961273,-9.2729402,35.0612128,33.4047109,5668,405,27619
54.3777115,81.9305699,9.4669337,-5.6142558,5993,406,33054
39.886547,116.989574,36.62587,69.53695,6859,407,34517
56.546084,13.7445655,55.6710006,12.5565291,7512,408,19996
-3.1865586,-40.2475694,34.7487164,134.0793911,6826,409,65460
51.3605659,99.3468919,9.9037751,4.4053497,4362,410,34890
41.3053973,24.8927934,35.3042606,50.5006231,7686,411,53966
50.7326515,41.9594576,39.726929,116.341395,3520,412,41730
4.0568941,96.2468873,28.2410098,33.6229813,8200,413,14523
35.1000306,33.4215334,37.7838437,126.283172,3343,414,37901
38.0412749,23.5418125,29.273839,120.81584,4425,415,41028
49.6284572,16.3467929,43.4604716,21.0489533,1092,416,46304
-6.8750244,111.9850391,59.4342152,24.9466284,6991,417,68195
59.0295207,10.0664589,42.2431463,27.760764,3945,418,72041
-7.5273,110.336609,-30.6161448,25.4852012,8847,419,61550
61.2427595,16.5504575,37.515114,103.575676,5905,420,17654
14.7673116,-91.133737,41.420018,128.200789,8782,421,62381
-16.9163431,-56.0249982,25.386379,114.922922,7956,422,35115
-13.5,48.86667,14.4958564,121.0188552,9059,423,67301
-7.0453161,108.3311815,47.0171563,-68.1430273,4025,424,68098
45.2208633,19.8470699,4.203572,-74.643383,7130,425,66791
7.4509008,126.5772629,18.0443274,-76.2754275,6134,426,74951
-6.7686246,107.7517775,-10.1904527,123.6007574,2512,427,67070
39.672791,113.732809,33.437877,113.609286,1239,428,63497
57.063557,27.9195,27.483293,120.562211,4545,429,52219
53.1121503,48.4211315,-0.5388381,37.4596409,8760,430,11771
6.53333,124.03333,25.3902138,69.7414118,3064,431,20445
43.0283952,-85.7564107,-8.3928622,-74.5826166,3273,432,53458
38.7933106,140.2234077,-14.9876054,34.9561748,1437,433,15141
33.9769138,132.7764778,-22.787936,-50.2199938,9978,434,35725
52.8119141,126.5464162,9.9932482,39.8964772,8337,435,65217
54.0471273,19.2012887,38.5537924,-9.0817894,8515,436,55379
47.009324,28.8389611,46.5214145,14.8523952,5235,437,75684
48.9046915,16.8160548,-6.3414379,106.9831434,3817,438,13404
16.6678009,120.3841382,50.3566891,3.5246977,8383,439,40963
49.03201,2.080691,52.8568142,19.669432,8768,440,64631
-5.0424945,32.8197329,33.189192,120.103473,1730,441,25271
21.1665519,104.9894851,9.665692,80.0161127,3337,442,15974
10.8833332,122.9666672,0.549955,117.5730639,5716,443,59157
16.8211238,100.2658516,-8.2104974,114.9671388,8469,444,22641
-6.9250071,112.5036493,47.7526314,-2.285174,7485,445,19446
52.066952,5.2407431,33.8088596,35.6599267,5060,446,42639
19.804587,109.355828,13.9501075,7.6710889,5650,447,67819
18.4484094,-78.0751774,47.3591366,2.8002946,4850,448,71514
-8.6245515,122.2146964,31.647135,120.93382,3924,449,39145
22.915288,114.003577,25.9210961,51.3385684,6954,450,47021
11.2088156,122.6943665,40.7338864,22.1375317,4914,451,23554
51.7106121,46.7484815,-21.5950536,-48.8163705,5438,452,17647
42.8436672,-2.6722992,47.309537,123.7529099,2074,453,67427
-0.6647007,101.0711758,19.4805668,-99.2058279,3437,454,23291
-12.7822122,45.2582086,53.3500473,-6.2755912,8324,455,24820
32.8872867,130.8841776,-9.38516,-171.24675,3673,456,25507
33.0363903,40.2833315,50.2588049,127.51838,7210,457,60917
46.239782,-72.597424,-6.3384977,106.1610343,8393,458,10602
38.05106,114.463347,39.7284944,-121.8374777,9305,459,31392
53.9956452,17.4069308,40.3306084,21.7886602,1499,460,35679
42.9282,120.570127,33.277232,35.578235,6037,461,74715
0.0319573,-78.1507423,16.7587537,96.2482149,6610,462,13011
35.580662,104.626282,44.7875436,19.4380057,7268,463,39685
17.9757058,102.6331035,35.2495378,136.8995543,7039,464,26663
39.353118,-9.1143068,-8.0670006,111.907307,6625,465,57759
49.6810623,6.1226036,43.88793,-81.31145,2990,466,33417
27.69965,108.839557,32.64519,35.77722,3717,467,36276
36.457599,111.439528,54.79074,18.403,6241,468,37842
34.199479,119.578364,50.2536,-96.06116,2893,469,68437
29.4110744,71.6420004,29.805107,106.395612,7227,470,47694
-8.5610656,115.1372238,38.3541519,22.7869993,4858,471,27047
6.6450416,125.3013286,43.7129726,7.1703118,7812,472,79865
27.208609,109.836669,37.9356939,23.7294558,8151,473,46835
31.070643,113.943274,-21.1704008,-47.8103238,3232,474,66162
52.6052298,48.9659955,11.77882,122.145942,8733,475,56546
-34.2899021,-56.3964126,18.0506,121.819,3817,476,46893
53.00942,17.73989,-2.688962,111.622398,5118,477,31845
-8.0401628,113.831703,-40.4057293,175.5843632,1434,478,10404
29.841438,114.322439,-24.6790871,-50.9289246,4365,479,19638
13.86667,45.25,41.346515,-7.942457,5510,480,45676
-6.0329665,26.9263671,-5.41667,-80.66667,4702,481,21798
49.448552,28.5226562,32.5734842,74.0420093,1098,482,61299
-15.2090734,-39.1959729,-6.9480217,112.4440473,8714,483,68996
53.5659675,15.28454,9.9497452,126.0068121,6711,484,32115
48.989038,2.513543,-22.7238417,-51.4099625,7662,485,67348
-7.893728,110.1434668,52.6057865,21.8949682,9752,486,26309
37.4547684,140.5368503,8.2760566,99.999936,1486,487,14306
58.3786073,11.4865869,-3.4865398,114.9754175,9002,488,44245
24.651518,109.24473,52.1527462,-106.5473023,4402,489,59824
-20.0325016,-44.1411883,32.5067042,36.8519377,5324,490,56095
-2.982802,119.663002,-7.4400668,108.6561601,5810,491,41855
-6.0025343,106.0111203,-32.9660173,-60.6596502,4043,492,58811
-24.8096387,-56.5196111,27.6406616,113.8607522,8365,493,17461
50.4573262,29.8126551,5.23113,96.7524103,6409,494,23078
-8.1405443,-36.371496,4.6064435,-61.1053691,1157,495,59788
39.0392193,125.7625241,63.1454739,22.7948195,2980,496,18479
10.3826093,124.9206233,58.7028901,13.8453002,1991,497,23172
31.138677,120.645158,2.6131897,-75.3915037,7778,498,21029
-5.0776795,32.0695406,24.9936281,121.3009798,8422,499,57140
25.60162,103.817356,9.85914,98.5940814,2089,500,39217
40.4581279,49.9843941,34.1840093,71.7791319,9882,501,11046
3.2515532,19.7770261,42.7021916,9.4476864,1341,502,24735
4.994942,-75.8048759,-5.7852461,-35.3288131,5467,503,71066
24.660711,118.460176,45.4514411,18.6589341,5835,504,76249
-6.7076379,111.3709499,29.289648,120.241565,8636,505,24144
-8.5694,116.1325,17.45685,121.74607,4683,506,27126
13.4570619,123.6791749,22.34414,113.604417,2681,507,33417
6.8344177,14.6966832,41.4884285,-8.6299298,5171,508,51330
49.874775,19.628749,0.4919195,42.778437,4375,509,17459
-8.4114856,116.1713917,-42.8821377,147.3271949,6511,510,31584
60.4783655,15.3710047,-6.9174639,107.6191228,9211,511,53067
9.8499058,39.7626791,53.0662784,19.2876039,4038,512,50801
34.7871544,113.4242071,23.9891132,-104.6751805,9997,513,64781
-14.8258317,-64.9000247,7.639571,-73.327532,6436,514,23154
-7.3260543,108.3655011,-43.2596246,-65.3580411,1723,515,45231
56.7813252,16.0279817,-30.7190522,-57.3298733,2019,516,74318
41.8760133,72.9401509,40.882377,122.685217,6985,517,67064
58.9637041,126.2725057,43.2697175,28.0236322,4737,518,31360
-10.249091,-48.3242858,-36.23975,-61.121304,9040,519,24263
-3.428803,29.924903,51.8815586,-8.4784945,3761,520,27680
42.3221655,21.3589808,-34.6098701,-58.5668231,7867,521,73267
41.5318938,-8.6939907,48.3909721,-4.4854059,5820,522,77309
51.5969624,54.1584621,31.920658,120.284938,7308,523,40780
14.5716986,121.026941,-22.9941291,-51.1931385,5688,524,33037
-6.9557,113.4028,19.535141,110.0608725,7093,525,44820
55.2474741,24.7743055,14.273035,122.564262,3647,526,74949
30.741991,121.341969,60.584008,22.7376381,8881,527,77488
29.289085,111.189296,43.8507498,131.8648449,7140,528,51285
40.824367,119.837124,31.79051,113.751463,4795,529,71873
24.70521,97.931954,57.9887927,56.1415665,2216,530,34739
59.2154931,11.0101588,9.0707553,-79.4816378,4820,531,65564
41.93167,21.01333,5.1677581,-52.6449937,9968,532,55850
14.6291868,121.0893745,36.266914,111.920465,6173,533,39738
16.7136708,103.3125299,51.5406095,14.759662,9853,534,14587
52.665267,-6.308522,25.2284355,61.8951809,1900,535,79369
14.8288248,-86.5728785,21.441808,110.778411,7029,536,24606
-2.7195658,120.2628111,9.1375974,-75.2128996,6530,537,43355
39.928353,116.416357,46.5980836,15.1657237,2570,538,48974
13.1285787,101.3658004,17.76999,52.48925,9232,539,48103
60.3599544,29.7380779,31.8948117,117.3279441,9699,540,47884
33.5727724,36.4093761,55.9588361,37.6489954,7628,541,36451
41.0423985,21.3607894,-0.4532293,39.6460988,7166,542,14324
-2.3769393,112.858217,27.9676537,120.6344509,3751,543,71421
48.3115536,38.2778412,48.7865463,2.054647,9821,544,53241
60.663088,17.1532607,39.9754634,44.5273861,8844,545,20435
55.780902,37.618106,1.140872,-77.8645669,2801,546,78683
7.2675115,28.678979,-14.2908,-72.044647,3196,547,10872
4.6096768,101.1064003,18.4529003,105.7644596,8570,548,36912
-6.7418731,107.9176312,41.516494,127.464602,6376,549,55778
38.5194,-9.0138,8.9407376,4.7821043,8802,550,74552
30.8337059,35.6160558,50.4251949,19.300593,9950,551,65585
-22.5408519,-44.1772604,-43.6337764,171.6468521,2812,552,31603
53.2625544,19.826521,51.2568887,19.9864728,2531,553,48336
29.451926,60.8841983,35.6176824,34.4087307,3323,554,33365
39.3240601,-77.3485436,44.7535743,2.2159905,3869,555,74301
8.972681,125.408732,-19.8205316,-40.2768213,4121,556,49837
10.1718844,106.4641459,43.617445,124.139465,6593,557,75379
55.2708406,66.4858701,-3.233333,114.533333,8870,558,68006
-20.1325066,28.626479,36.284107,100.620031,2082,559,12369
45.477613,124.47553,-12.1392325,44.4311608,4850,560,60866
50.6856,-121.942,27.820674,111.349622,5474,561,51697
13.6197501,25.3548713,-1.259553,104.100502,8934,562,31127
57.6995979,11.9761953,41.6999293,12.4151335,2474,563,59759
14.061619,46.914966,49.909141,19.6159543,3347,564,25860
15.475069,-88.826313,-18.5938307,-48.7043878,8956,565,79021
31.8123014,34.7770192,9.4362547,123.1893864,9518,566,53349
57.8857887,12.3260421,29.528923,104.990101,7510,567,15034
-6.990714,107.400299,-7.7799,114.0783,9294,568,29983
-19.7333431,-43.9341408,10.1111834,14.4432179,8150,569,11007
41.0084382,70.074132,11.01088,6.798413,7470,570,67753
52.4657235,18.884747,63.1511606,75.3266219,6672,571,13740
-35.1164987,-71.2829759,41.8408189,23.0786372,9856,572,41779
5.77232,-2.091848,43.3615249,24.1502631,4801,573,60399
36.9832371,140.0373221,53.7683238,18.1130662,2040,574,21504
25.575165,111.824739,49.6354683,16.9953098,1182,575,22843
34.5553494,69.207486,19.6612408,-99.0795719,2723,576,50071
12.3783745,17.0568962,-22.2131635,-49.6555394,7045,577,28709
40.72135,-75.393181,37.6364006,-7.984789,7009,578,68646
-7.7502929,110.9549155,35.88518,115.104389,7338,579,13168
15.2113128,120.0278872,40.3753066,-8.7157832,5920,580,26754
13.5924758,100.1031202,44.000497,89.180437,5107,581,20874
45.9402271,15.4773182,35.907757,127.766922,3495,582,61278
31.228026,121.454211,17.9567646,-102.1943485,9788,583,26948
53.5511779,9.9641759,59.2830988,18.033347,9846,584,78051
24.2629574,97.2383178,19.0077085,-69.7320914,7016,585,26946
52.4530993,14.8755999,13.5924758,100.1031202,1598,586,50451
-8.0614295,112.3546395,45.6408779,20.4256633,5435,587,43450
-6.3077057,106.7175669,-7.4686612,-37.2746574,9306,588,68709
19.9104798,99.840576,0.0637715,31.3541631,5825,589,40936
-22.7561319,-43.4607419,59.9050895,10.7673005,9535,590,23562
-6.3477635,31.0736389,-8.2711545,114.9605861,3423,591,47048
43.591386,81.239566,43.53121,1.402934,7388,592,11937
49.7052493,4.9404055,-26.4355066,-49.2452364,4179,593,20257
14.0651123,121.2462166,14.5624842,121.0482871,2439,594,37899
35.89333,14.39889,49.6325518,18.2841004,4594,595,27096
30.169665,121.266579,-8.2850512,112.423186,2274,596,26089
45.7022525,9.6323203,39.5160073,-8.5405003,9622,597,37022
35.84609,102.031722,19.3972335,-99.1933664,5182,598,49656
34.2869441,-4.6605581,39.224791,117.135488,2793,599,69517
0.3603261,99.5784754,22.9457326,112.3578078,6888,600,32154
7.516342,123.345085,54.1491581,91.8814443,7435,601,29308
6.2958736,101.7296049,-34.6661172,-58.5288333,6515,602,78475
35.613293,106.119491,14.4290353,121.0360943,3172,603,54882
20.8236509,-77.5791358,5.2805802,115.2384663,7921,604,51890
34.386714,107.445334,-31.3961762,26.354462,9562,605,58727
-23.6126976,-46.9465138,45.3483509,-80.0175734,3533,606,43141
-2.6242355,-56.7346167,42.546675,129.010106,8282,607,71696
41.880872,123.957208,-11.9417972,-76.9970692,8903,608,21806
20.8795129,-76.2594981,50.701693,20.3707749,9273,609,41778
18.4691383,-77.5404459,30.6543991,117.5002172,7289,610,61748
31.491169,120.31191,41.236675,69.3413913,7568,611,45725
-31.9326576,-57.9020535,37.2445983,22.5517042,1777,612,67176
24.9936281,121.3009798,16.044749,120.488576,5143,613,19724
30.352134,114.720925,-4.087067,-43.7142484,7832,614,31662
49.6297207,37.6810464,43.153975,-77.6120835,7502,615,64269
-8.669071,115.213781,24.848984,116.604574,4456,616,58628
38.036815,114.382611,37.9642589,-121.2569138,4094,617,32630
34.962575,105.480493,-7.0743223,-40.37156,5588,618,11958
36.2569423,139.381182,8.93218,165.76416,3473,619,78102
-7.7013097,113.8882172,42.078622,126.908717,2179,620,61609
-6.9895044,110.4329118,30.0747701,-95.5216667,4594,621,41017
50.1209479,17.3831619,44.2246967,18.6918556,3056,622,27365
41.4024948,-8.6407151,-33.3117281,26.5145058,3575,623,19444
38.9771158,117.7098707,37.5743169,140.0611908,5532,624,75081
-9.5179699,119.0983524,-19.8381858,46.8567756,7077,625,74696
16.9822955,121.644372,32.224808,110.228747,5798,626,78469
-8.4824984,118.9586867,-6.7061169,111.4320603,6513,627,47484
10.9015165,-64.0857232,-21.8315657,46.9368047,1350,628,42999
44.4528239,19.0902035,18.4762228,-77.8938895,8514,629,18454
63.7388395,34.3097519,41.0919871,-7.8038268,2900,630,29420
14.4432884,120.9330931,45.6518526,16.5355901,2540,631,43628
29.1416432,119.7889248,35.23619,-3.95453,8108,632,75483
25.415248,49.679652,40.7264865,-8.0002329,8056,633,33469
41.414967,-8.3881947,4.8413815,-72.9899505,6103,634,19358
39.9179113,22.595535,38.2800079,21.8330106,7598,635,36535
-7.0053726,108.3979331,63.8436672,20.3049868,8144,636,15889
42.1090506,48.1941426,49.9409133,21.9374619,3210,637,31040
7.6405168,124.7234856,29.808374,120.118331,9401,638,52503
7.5617699,125.6532848,-6.4901067,106.8306951,1782,639,19207
-7.2758,107.1329,31.266133,121.611248,6829,640,13898
11.8132799,107.2370874,-14.1,-70.2,9669,641,54067
2.4183904,30.9847642,32.117935,121.009708,4668,642,59343
0.556948,109.374802,-1.0460477,-79.6333674,7077,643,76630
15.399652,120.5982723,48.526727,40.316753,8146,644,32226
50.5609123,18.943124,35.275,126.50944,1251,645,24958
-9.3326512,32.7548364,7.8129929,-71.1745579,2414,646,17087
45.9113179,16.1242534,44.6500125,17.9557436,8900,647,66404
-23.8158392,-45.3664809,45.4698284,13.6405292,4354,648,13035
41.7105857,46.2680965,25.315243,119.090741,4682,649,49138
28.679282,121.435569,39.726929,116.341395,2244,650,34677
-20.3483832,-41.6385979,39.959953,116.298326,4896,651,56037
36.1069958,-79.8522564,49.1169513,101.449837,8735,652,64735
-34.5595896,-58.6022596,-34.6558079,-58.3734773,5310,653,18065
-8.475,115.3238,-6.6913037,107.9679983,6683,654,62890
40.076762,113.300129,-8.7593366,115.5977123,7201,655,54890
60.5481501,30.2375726,-6.3517,105.8652,6455,656,66026
43.7190199,44.4852966,13.9718356,108.0150796,6671,657,10533
-10.05,-76.166667,-20.9400441,-48.4812248,2469,658,64483
9.4655111,105.8994956,14.8288248,-86.5728785,1273,659,41086
30.89205,121.770149,18.4670158,-69.8932436,9015,660,54659
48.071593,119.059106,28.1236316,-15.4287738,4318,661,53349
-18.7307117,-47.4916674,47.0302849,28.7847456,4791,662,48802
16.08532,120.03164,1.4745288,124.8441178,6061,663,20997
-8.463483,122.4438929,34.149491,-118.099449,7405,664,46096
-1.553873,-79.7624177,4.0568941,96.2468873,2620,665,75140
40.4489303,-8.6745086,31.1710599,121.488302,4999,666,21522
49.7880079,14.293561,35.3042606,50.5006231,8231,667,65040
29.176523,120.390932,-25.7394696,28.3508883,9975,668,30320
41.5817519,21.0005869,46.023082,124.734722,2796,669,58347
39.3881052,49.2413743,52.3982331,13.2448535,2172,670,44551
38.995854,117.688815,32.968455,117.167673,5405,671,21151
8.3796569,123.4261608,32.667571,119.004816,2265,672,12864
-24.5082407,-47.5275422,16.7157136,102.9205295,9680,673,16883
49.794137,18.1457156,59.2873947,17.9928445,7010,674,25602
27.578926,110.040315,48.7853082,2.072661,7975,675,49948
-7.4,107.5,13.3649688,-86.3959473,4058,676,40868
-22.4593525,-47.5369982,40.7,-111.99,3039,677,19359
36.650038,101.766228,37.540419,120.787999,9433,678,12603
43.330734,46.3582371,10.2020988,123.7530831,5978,679,59690
8.5681393,-70.3583879,55.41667,22.61667,9993,680,44668
31.092719,93.812858,21.1753431,105.7308045,1448,681,33099
39.0008341,139.9181485,49.3909134,30.1988199,6622,682,35153
35.7244483,71.2874209,36.266914,111.920465,9481,683,22600
-6.3517,105.8652,43.8562586,18.4130763,7325,684,24908
32.501495,119.196466,-6.8083456,105.6735131,4152,685,74822
-19.0764128,-42.5478901,27.018126,114.370929,8716,686,49043
40.6563419,70.3658273,12.4218541,124.800874,1543,687,47835
48.887593,30.7044131,52.0330418,5.1055921,1541,688,20118
12.6661944,108.0382475,49.9333641,16.9699769,6821,689,78135
12.8371919,-4.9221114,-34.6037075,-58.5096724,2753,690,36441
51.400458,86.02293,41.725392,45.3350791,9834,691,73769
-7.6629639,109.7680967,-6.9662696,107.4492746,4541,692,31346
-27.6618869,-51.2422395,43.9340953,18.8019069,7961,693,30754
36.7333193,9.1843676,38.6093672,-8.887687,3794,694,39967
16.701895,42.120984,49.94912,18.4033,2504,695,54992
49.8508,-100.93262,51.513694,5.361629,7922,696,60786
11.5013799,125.5025812,13.0695031,-3.0626284,4609,697,54522
51.6553959,35.2572553,44.840524,82.353656,4330,698,38912
53.8072015,87.372095,36.837625,112.864561,8013,699,40214
-24.884645,28.299225,-22.2756953,-51.5002318,7274,700,32540
15.4281295,106.3802302,-25.5468699,26.07191,2596,701,66974
41.7856914,20.9077452,29.956858,107.209965,8064,702,20612
15.78722,-91.095,-12.6654745,-38.5900375,7252,703,43782
-4.0003104,35.778497,60.9464266,29.1348316,8093,704,66056
22.183206,112.305145,42.4476716,47.6625008,9619,705,24502
14.5455447,44.4087348,53.4619521,27.215089,6800,706,44571
-0.2842862,20.8850949,42.5909476,22.9834356,4327,707,58013
25.549887,113.68437,58.5563017,15.0091903,4703,708,65497
52.0997957,39.7742561,35.2219554,-80.8328724,1939,709,52567
-13.8791041,-72.875917,16.7587537,96.2482149,6002,710,79964
51.9857896,21.1921379,52.0404797,76.9262526,1559,711,31038
-6.6183695,107.7251314,22.8207764,113.0239776,6163,712,23869
-6.8666512,-78.1421905,20.9611497,100.8211626,9595,713,19360
6.1307505,-75.6033497,14.5748924,-87.8782959,9079,714,54287
39.10972,117.246625,-25.891968,32.6051351,2646,715,57160
45.847435,123.1998901,13.2999,122.5217,1272,716,41831
31.7337799,130.7533097,-11.806679,-77.1657716,8010,717,39532
13.8015693,121.1498452,58.2084997,54.707343,8479,718,29917
27.098536,114.972769,-7.8236568,-78.4478594,8360,719,52743
40.6945036,-73.9565551,12.610537,-70.0533844,2033,720,42377
37.5574184,139.853551,34.534829,109.088297,3564,721,73151
43.8947634,18.3723677,32.5887159,74.5022234,2334,722,35366
23.696329,117.433977,-0.385783,101.337097,3995,723,59532
30.310011,120.348422,49.8376215,18.9439837,9841,724,37461
46.798163,134.013872,45.4451601,35.8363269,4533,725,76335
50.317117,30.298167,52.4500648,4.5789114,6161,726,64220
-7.5893786,109.1315198,34.238555,117.196805,6910,727,74331
59.2527176,17.8864717,14.5679608,121.0233632,6400,728,55013
-7.3384839,108.8581191,32.131522,115.051908,6454,729,37529
48.43349,-77.63279,57.3529283,37.5917237,5363,730,46733
54.0295572,15.0548688,62.3822834,21.2277852,3838,731,64456
49.5620496,15.8596037,50.37939,19.7584,3914,732,20656
48.9480609,14.5413068,41.7973754,-8.4685789,4617,733,61738
30.8716344,104.0134362,41.4273946,75.9840587,5323,734,56888
29.8483192,31.3368529,53.7423435,-8.6346959,4272,735,52599
32.748143,111.183426,57.0408915,24.0131821,2286,736,18446
-25.0324274,25.7486438,49.658104,18.5277819,7317,737,60357
48.6277459,2.4381665,19.4805668,-99.2058279,8910,738,71712
49.7053824,19.2911275,58.6842321,15.7861546,5509,739,10974
53.1980031,19.6444061,27.246947,114.702652,1326,740,57169
32.5468611,-116.9030256,13.9483457,100.791665,4449,741,69481
54.11285,33.29648,-6.7354694,105.8429054,9054,742,42367
-32.7021934,-57.6382382,35.1149116,33.919245,7484,743,24575
-6.5752811,106.6939803,30.577776,99.197234,1021,744,25039
13.7246078,100.5148471,2.7697259,-60.7126625,4952,745,34018
32.387233,81.145433,18.3549366,-99.5360598,1677,746,26508
27.029507,113.732949,41.0423985,21.3607894,1412,747,57973
14.5791223,-91.5850599,63.8105554,20.3121225,1464,748,74961
2.3030748,32.7633036,51.524571,32.5004914,2441,749,50762
56.2621893,34.3028279,41.3575049,-8.3482785,1870,750,79318
-7.5651443,112.239892,34.6372754,134.0105824,4366,751,71999
12.9229652,13.5639377,57.0473862,65.7110972,6134,752,15915
9.791337,-74.7975249,38.1245942,139.7374194,9528,753,52967
1.2481932,35.1103736,27.478357,120.088953,5863,754,44862
41.8036152,20.9182981,57.7868036,38.4503218,3023,755,31095
48.5497476,26.4913564,59.3606836,17.9701456,3805,756,64610
56.947079,23.6168485,31.363344,120.547358,8602,757,38410
14.1967923,121.4019727,23.020673,113.751799,6004,758,31690
-27.2290951,27.587737,-24.3817381,-65.1218129,8609,759,50885
-30.1647807,-53.5608275,12.0379785,124.6581969,3094,760,16095
-7.1552009,108.3178328,38.9622585,-9.3855536,7332,761,10480
31.285638,121.227856,47.2215999,5.9675963,4057,762,10524
56.0895859,63.672798,19.5094038,-71.595154,6416,763,20257
30.5211502,112.8915932,-31.4787554,-64.2316792,2984,764,46415
-3.7688094,37.7144645,60.68333,21.71667,6676,765,40531
49.4637092,8.560081,54.4350153,18.3395929,9160,766,28673
39.7383486,-8.9107106,59.2264863,18.2509127,5834,767,22346
39.109563,117.223371,48.892701,2.233089,1814,768,51067
-26.0880026,28.1444516,-21.4206681,15.9523622,9426,769,18244
41.3360854,47.1318069,54.8625893,69.2398607,4283,770,16990
39.128291,117.251586,32.652297,110.769132,3251,771,11204
53.1913133,5.8065627,50.2927014,-107.8016967,6198,772,56988
49.6489809,17.6517329,34.6672527,70.2117178,3642,773,57921
-21.2080662,-46.941659,26.443249,107.253334,2417,774,34663
14.6155555,120.9837955,42.4657861,1.4921277,4924,775,21995
36.569805,4.448361,23.124134,115.138892,7218,776,52776
40.1336715,44.6507762,40.0058478,-8.2125382,6612,777,15902
57.5780197,48.9602971,-12.3502374,44.5278242,9030,778,32511
-6.6760711,-36.9326095,63.4435884,120.3197132,4048,779,37867
40.9880227,24.6966476,14.2226543,121.4213333,9170,780,46933
50.1080652,14.9181847,13.2375414,-14.1959978,9862,781,15049
13.0710293,123.4584998,-7.5630149,-35.0131428,7475,782,37326
-7.2527403,107.8774664,35.9032997,36.733459,3251,783,44795
-7.038375,112.9136695,10.3895862,-71.4692843,8489,784,56880
29.000347,101.507294,47.594843,1.3155028,6233,785,16560
38.2031194,23.9632194,57.1140206,12.2839583,2961,786,11646
-6.3045618,107.346448,42.699311,123.014433,1657,787,20865
-6.3621916,106.8502879,-16.5039502,-68.219452,9951,788,56885
38.6714312,-9.003566,36.2175503,37.1341934,3782,789,66300
11.5556884,122.3800058,43.6865336,43.5192652,3235,790,75864
40.6605521,68.1789134,-2.688962,111.622398,8591,791,12049
33.026386,106.002647,-5.6353028,-35.4210417,2944,792,43311
36.494701,117.861851,21.081585,106.7470536,3546,793,77802
43.572786,27.8272802,-20.2582305,57.7544636,4524,794,13679
29.696323,115.439898,-6.9706827,112.593047,2433,795,20787
-20.2674718,57.4796981,35.208594,25.3382657,7952,796,10714
29.878738,52.8205515,-8.3010912,112.1489829,2641,797,64929
46.4232734,14.1113375,46.0245004,20.1143093,2854,798,21367
-6.3825,105.8361,18.2544504,-76.8865085,2842,799,27514
18.04406,121.71871,37.738098,127.0336819,3919,800,53516
39.9793657,-75.1253492,19.238934,108.957345,6066,801,11339
-6,-40.28333,51.4787508,38.0781648,3049,802,37541
14.6171091,120.986275,-5.1443118,-38.0850339,3193,803,17355
6.6683194,124.7082395,55.7242814,37.1853286,6053,804,72687
31.1853497,35.7047733,-12.3992902,-74.8659421,3192,805,32640
47.859986,-3.6006683,48.1067292,20.8193403,7529,806,62559
-8.4985,123.5226,5.9840985,116.0761121,7387,807,62025
41.4610499,-8.2673764,-7.8426533,110.3859913,8899,808,23703
54.5442039,38.6199751,24.945573,114.030161,6557,809,62362
-7.9666204,112.6326321,39.937881,116.4080926,8415,810,34900
27.1832216,56.2666455,18.4,-66.05,2047,811,51680
27.756647,118.035309,38.0772641,22.6326975,8365,812,67206
38.3204422,141.0226267,24.724853,118.489851,6658,813,60330
41.8822489,-87.7221872,55.5808883,42.0289058,2463,814,73553
-32.947692,-60.6743215,39.2682645,-9.1580682,6489,815,58541
44.3543084,4.0664945,49.4604602,6.0280525,9172,816,54979
6.3324473,7.605638,55.6828987,12.5786568,4616,817,47934
-24.6790871,-50.9289246,-19.009336,-57.5977799,8657,818,28707
47.3525565,127.4199187,-17.1885187,-45.1494505,7393,819,67587
35.4175712,10.997658,-6.1869527,106.1698563,8083,820,43701
52.476835,17.0263373,47.2391802,9.5572045,6075,821,68808
20.5502194,-103.4433056,50.1314232,82.5302523,4851,822,42954
41.3836182,-8.4170742,-7.2282295,108.6056873,7320,823,22100
7.5,124.3,-9.9061087,-63.0330263,8005,824,25558
55.6771783,13.0856744,22.656408,114.019351,3109,825,35369
37.1952335,-3.664859,10.3080476,124.8136246,9812,826,78124
35.7702315,-119.2578873,46.9125516,37.1045934,7943,827,27834
14.6276215,-87.6075294,26.893368,112.572018,6845,828,68007
4.968157,-73.490098,47.0179158,-68.1430518,7465,829,23798
0.3353678,32.6673018,7.8123465,122.4141908,5786,830,69363
9.537917,-79.058693,44.3703217,40.8103225,5608,831,34273
-18.9253941,-54.8438521,60.383333,134.45,1640,832,58564
30.203152,115.429626,38.26667,21.83333,4021,833,13879
7.65,5.55,28.220406,121.038129,7047,834,67054
-18.76207,-64.621948,48.10791,129.245343,3168,835,27535
29.6516537,31.3159513,-26.5044407,-61.1763962,7872,836,20570
35.6403478,63.309294,30.2102306,-81.7458845,3908,837,56333
-7.1550724,108.1498006,-19.8552965,-44.6113601,1580,838,16137
-7.5740867,112.28609,-23.8778461,-46.4175787,9983,839,18383
39.772554,98.289419,14.5618599,121.0130439,8570,840,30318
48.9848042,16.4023975,37.3931794,-122.0778761,6826,841,75398
38.822671,115.431228,-11.3442564,-75.5655147,8557,842,60720
34.937516,-4.7788675,43.236609,88.409879,3782,843,56004
56.9934009,24.3022789,-6.669221,106.0463837,2597,844,51466
-12.9316863,34.2810541,47.1844184,35.1072745,9330,845,76489
58.9919268,16.2203271,39.472463,117.091582,5962,846,71760
-15.8272432,-50.265662,32.254578,35.191041,7968,847,38386
-7.7817534,-77.8688851,14.5016958,121.042743,5399,848,47444
22.691253,114.346251,-3.3365561,104.7404269,3783,849,11773
49.740105,15.1060638,3.7334765,96.7999931,7065,850,44784
-6.7790605,108.2852049,33.3399221,10.4958678,2218,851,51490
55.6691322,36.5321926,38.0068597,-8.385532,3765,852,45855
61.8099494,30.9377106,-8.0941273,112.274168,3542,853,16278
27.417467,107.257538,16.5409974,121.563879,7229,854,31450
29.705077,116.00193,-23.2400211,-51.6639768,1553,855,61835
53.923995,37.9565339,37.4852899,-2.2959788,9975,856,58938
20.4915633,106.0081819,61.1521338,28.0739477,6632,857,25196
6.6650328,159.7540106,29.306756,120.07514,9063,858,13912
6.6448093,1.7198215,41.728401,125.939697,2046,859,67792
43.1795227,45.4045219,51.4923815,6.9694303,8400,860,47642
34.519664,113.004052,34.852159,117.564229,1880,861,24681
0.6045833,33.4719832,63.0709556,21.6602532,9451,862,78228
51.8796,4.5059,49.8905368,2.3081396,1740,863,31129
32.7231719,110.060938,0.400097,128.281906,4463,864,56771
14.9699796,145.6412079,10.4471471,-74.4086073,1682,865,13685
29.858629,117.6134553,-6.908469,107.6112438,3461,866,43543
-7.9908056,-34.841629,38.7699889,-9.2576801,6241,867,11067
14.2323166,121.531124,47.013342,89.832786,3950,868,65037
-6.227136,106.7963623,39.0425,127.52389,5145,869,70924
57.121813,12.2197116,17.9835237,100.051784,9496,870,28299
57.8287842,29.9634297,-7.7623521,112.9848168,2956,871,60384
0.6166667,104.0833333,15.1487342,120.5849792,4296,872,60693
34.8291055,36.2264681,22.9081486,-83.1702597,7656,873,21180
49.6556075,6.1360677,-18.8549317,-41.9559233,1711,874,74420
53.2067339,22.166847,18.4691383,-77.5404459,1572,875,10918
-45.8802629,-67.5305258,-6.7387737,106.8768415,1622,876,14431
-46.2763744,168.3661011,39.4286365,62.8617596,7171,877,57934
18.3549366,-99.5360598,23.124134,115.138892,1084,878,10745
12.0683397,99.8459774,-6.5581455,-77.815285,1928,879,67552
47.3292629,36.6901351,29.14583,48.09472,4355,880,41003
52.1028471,21.0281495,-17.4776078,-70.0339387,5267,881,20216
51.3309754,19.3744004,34.496651,69.079674,5539,882,17501
52.25053,15.92527,10.9991938,122.6717828,9620,883,31111
33.2731435,129.9324494,4.5827227,-74.2117465,6133,884,56337
14.6181466,120.9818412,37.6360028,127.2165279,2118,885,53819
13.541918,107.763621,46.272758,-79.4298653,1985,886,50937
22.492431,111.075519,34.470812,103.982523,7762,887,41928
58.4249631,29.3677109,30.406007,110.971573,9574,888,38396
7.061611,7.449732,63.9727688,-22.5764849,4675,889,63574
-5.3102888,119.742604,5.1650775,96.3372305,7251,890,77564
69.4326713,30.8274819,55.496663,47.465002,2211,891,50673
35.0133672,132.2241106,4.0510564,9.7678687,7751,892,34912
19.6925744,-72.017927,8.2796966,-70.109113,8945,893,50174
40.3306084,21.7886602,49.2760303,23.5105576,3865,894,57029
-22.433333,26.416667,37.0259658,66.7784206,7617,895,55888
67.4020883,26.6725662,28.3109983,55.902453,3413,896,62418
27.098536,114.972769,13.8506865,44.7029603,6194,897,76433
32.832584,-96.797592,41.303548,-8.7353479,8226,898,47234
30.024828,121.343065,29.00091,120.568856,8741,899,11392
4.9237913,-52.3205637,31.7216,35.19243,5621,900,35808
25.7829542,88.8982666,-8.7824511,35.8089055,9476,901,42357
14.136844,-90.008975,31.255103,111.588486,5749,902,74681
14.1137718,122.0496521,30.931792,118.750903,7413,903,43910
8.9823792,-79.5198696,22.54817,114.131764,5337,904,66924
38.35,-81.64,47.2154159,5.9471867,1886,905,51061
51.0288293,59.8683611,13.98178,43.59547,2278,906,35256
-11.2555478,-74.6394331,23.377789,116.508701,3658,907,49055
50.282951,18.2785364,40.5851643,46.8429953,7494,908,43914
9.2610401,125.9638162,9.1261664,-12.9176518,5415,909,56053
53.1255737,26.0091684,50.9168212,5.9799297,1973,910,18650
-6.5864219,106.7441048,-6.3825,105.8361,4349,911,38839
34.5646414,133.4167423,21.2451953,104.438096,1932,912,63215
3.723827,-75.483979,48.3688297,14.4310149,6789,913,69647
14.1507357,120.878102,36.34931,126.59772,5294,914,45986
-7.4443035,-35.148879,35.30385,113.875245,7277,915,32778
39.9602601,-83.0092803,47.585569,18.3979984,7794,916,13602
-28.4425713,-65.7655162,49.7149346,28.8363647,7208,917,64678
59.0842105,159.9541642,48.9089753,2.3011787,1112,918,26673
-23.8158392,-45.3664809,-6.9568794,112.8544932,5413,919,48263
-19.6513424,47.3266162,52.3982331,13.2448535,4385,920,29673
-6.7487502,111.0318829,14.5665378,121.1092186,2777,921,21406
5.934363,-73.615679,35.825603,10.608395,4929,922,69071
57.1887898,14.0089418,41.0377245,21.3300873,2241,923,19817
33.8781886,-117.5731991,-26.68532,-60.7292,7529,924,53963
-18.4097245,-49.2162908,52.1899235,18.8632124,7813,925,75876
-11.7198172,43.2630304,27.874777,110.241387,4034,926,18804
-4.8696374,104.7112631,43.804723,4.401981,1846,927,34378
10.9893,119.3593,5.8833366,118.0357162,9914,928,57782
30.265327,108.705237,43.2916776,-0.3696612,4669,929,79414
40.02219,98.99644,-7.543398,110.822966,4598,930,76514
31.364042,108.520914,14.1929998,121.1317352,3261,931,58031
57.9331563,55.34672,36.9382393,136.8170714,4810,932,68591
30.532847,105.592898,-6.7519382,-38.2314566,9444,933,76997
18.5422768,99.0571089,-7.9865988,112.4589481,1374,934,77549
17.5777771,120.359795,-8.1669045,115.4318914,2296,935,62328
15.2958539,103.2940689,42.2098979,20.7400297,2726,936,21052
59.7001688,10.2999444,53.9608024,105.8754575,3657,937,29088
-30.0263293,25.7797078,-7.2929068,107.2666396,3100,938,23028
-34.8411832,-58.4389753,-7.5470899,111.6538663,7298,939,46575
-23.1770273,-46.4970116,25.282208,111.410194,9229,940,69243
29.770279,84.03153,64.9142998,77.7663297,3590,941,66778
5.7645403,38.9119977,-6.7397149,23.9476988,4984,942,67079
39.974179,116.293727,7.9819727,-81.166481,5178,943,21782
45.783131,3.0742866,0.7710308,127.3695176,1726,944,17645
41.6569962,-8.4356533,38.9936299,-9.3338323,5212,945,24389
-8.2416877,111.245751,27.08556,112.949437,3739,946,18302
7.3275252,122.8946032,50.0625015,-110.6821866,1631,947,45629
8.9908333,150.1227778,-16.2142869,-69.4575979,9739,948,32299
7.1138119,6.7440467,32.64218,120.083139,7034,949,16429
46.3919813,15.5727869,59.1107233,46.1539577,4977,950,27598
50.6638362,3.119593,49.7871182,18.7242344,2634,951,39809
40.9903208,-7.3943499,43.963917,4.796809,6305,952,13282
61.259673,25.4873452,7.363608,124.783718,3511,953,72757
38.341245,101.193664,55.675114,12.568064,4237,954,42641
-12.7389848,-73.8654295,45.1306898,-71.8121012,5515,955,50102
39.1063109,-94.4439365,47.7008606,106.9577199,9345,956,23298
-32.8842032,-68.7998021,-17.3542865,-70.1331038,5592,957,11910
-6.5982796,106.8104633,27.646686,116.695522,8006,958,11310
-7.0358264,107.9561464,31.5255021,45.2009362,1706,959,17414
44.367191,20.9604515,-8.3020216,112.4827889,2185,960,48056
44.2220765,42.0384264,-29.5917671,26.667126,1056,961,78620
59.3475695,18.0441996,61.259673,25.4873452,8298,962,18703
36.200252,117.087614,37.651814,103.173222,8860,963,79004
29.270311,88.880492,27.171779,111.62224,7277,964,76494
-26.7761609,-51.0124989,49.7743548,13.8407248,2895,965,14065
49.7503184,15.3480679,25.386379,114.922922,3003,966,65815
41.6270289,-8.4553604,39.1646273,63.6101211,6881,967,37155
2.8963048,-72.1394818,54.503177,52.78207,7566,968,46487
56.4459712,39.6602235,-4.5612094,-37.7688612,6149,969,57816
45.4585439,-74.1406654,51.2781356,17.9890591,2443,970,53639
-20.5362627,47.2459749,53.2736466,-9.0197835,2647,971,78805
37.347409,115.965874,15.2904851,-86.9135745,8119,972,23808
38.9175948,22.3032419,43.6164958,3.8308136,6927,973,67957
57.630161,25.692493,49.6933676,14.0095887,5574,974,54556
2.384507,-75.542888,32.990664,112.528308,1133,975,65666
10.591925,-74.186103,27.218444,116.525725,2615,976,36933
22.9081486,-83.1702597,6.4360112,-73.28833,7152,977,13478
47.407461,-1.18752,47.9450631,111.4978265,4623,978,77483
41.2267295,-8.378101,-6.1560113,106.90896,7499,979,20182
60.2496387,47.7885614,48.2414942,-1.8090692,3094,980,20481
26.7044143,-80.1986649,36.3034445,139.8755526,7770,981,10049
5.0071513,-72.5441445,31.563513,104.570694,7165,982,20433
-7.1665502,111.9969626,47.17744,119.943575,9161,983,49015
66.1204228,76.6925385,32.460037,112.228897,1158,984,15773
44.1675867,2.0308233,-14.9061237,50.2785486,9177,985,32126
28.378946,109.362302,34.89305,106.864397,6855,986,16041
21.0598649,105.4943648,35.5588061,138.0410863,1334,987,47538
45.8361987,16.3077813,34.5057425,134.2087936,2814,988,49509
-29.4130611,-53.024918,48.2368992,38.2082157,3439,989,53102
28.541342,98.633013,22.8159074,-82.7589859,6065,990,16927
-9.9925241,124.5694514,47.7809616,-2.1084626,4562,991,39019
-7.7403739,110.0330554,4.6376919,9.6870459,6125,992,13839
-32.232355,-64.442428,55.632969,37.4416961,1896,993,38234
36.4707823,140.5615795,-11.303555,-41.8561503,2560,994,58403
38.7150205,127.6015031,25.282208,111.410194,4224,995,11588
3.33186,99.161456,-36.999012,174.876524,8020,996,78447
-10.4585809,121.9615308,50.8885079,19.0438326,4208,997,28364
-2.0992602,133.599128,-6.2822524,107.2518631,4168,998,56862
46.6086054,15.6758117,40.767421,73.3030715,8251,999,65982
50.4665752,19.2302203,37.507694,101.414709,8350,1000,51042